{
    "result": "S",
    "msg": null,
    "data": [
        {
            "bu_name": "集团总部",
            "lm_mtd_rec_amt": 357036000.00000000,
            "lm_ytd_normal_rec_amt": 3487599994.00000000,
            "ly_ytd_rec_amt": 6145423999.00000000,
            "rec_yoy_rate": 110.9200,
            "ytd_overdue_rec_amt_rate": 28.96854631,
            "lm_mtd_overdue_rec_amt": 89232000.00000000,
            "mtd_rec_amt": 581905000.00000000,
            "ytd_overdue_mom_rate": 13.2700,
            "overdue_yoy_rate": -40.0400,
            "mtd_rec_mom_rate": 62.9800,
            "w_insert_date": 1606293670000,
            "ly_mtd_rec_amt": 275893000.00000000,
            "mtd_overdue_rec_amt": 172345000.00000000,
            "ytd_overdue_rec_amt": 1612988500.00000000,
            "bu_id": "A30003353",
            "org_name": "珠三角区域公司",
            "ytd_rec_mom_rate": 13.3700,
            "lm_mtd_normal_rec_amt": 267804000.00000000,
            "row_type": "ORG",
            "ly_ytd_normal_rec_amt": 3455156999.00000000,
            "level": 2,
            "ytd_rec_amt": 5568068494.00000000,
            "mtd_overdue_rec_amt_rate": 29.61737741,
            "ly_rec_yoy_rate": -9.3900,
            "ytd_normal_mom_rate": 13.4000,
            "mtd_normal_rec_amt": 409560000.00000000,
            "lm_ytd_rec_amt": 4911582494.00000000,
            "org_id": "A1392342741",
            "ly_ytd_overdue_rec_amt": 2690267000.00000000,
            "normal_mom_rate": 52.9300,
            "normal_yoy_rate": 14.4700,
            "period_wid": "20201125",
            "ytd_normal_rec_amt": 3955079994.00000000,
            "overdue_mom_rate": 93.1400,
            "lm_ytd_overdue_rec_amt": 1423982500.00000000
        },
        {
            "bu_name": "集团总部",
            "lm_mtd_rec_amt": 437708900.00000000,
            "lm_ytd_normal_rec_amt": 3488879900.00000000,
            "ly_ytd_rec_amt": 3338881000.00000000,
            "rec_yoy_rate": 42.4100,
            "ytd_overdue_rec_amt_rate": 40.27044881,
            "lm_mtd_overdue_rec_amt": 106458000.00000000,
            "mtd_rec_amt": 543681000.00000000,
            "ytd_overdue_mom_rate": 3.9800,
            "overdue_yoy_rate": 23.9500,
            "mtd_rec_mom_rate": 24.2100,
            "w_insert_date": 1606293670000,
            "ly_mtd_rec_amt": 381760000.00000000,
            "mtd_overdue_rec_amt": 94857000.00000000,
            "ytd_overdue_rec_amt": 2704161000.00000000,
            "bu_id": "A30003353",
            "org_name": "中部区域公司",
            "ytd_rec_mom_rate": 10.2700,
            "lm_mtd_normal_rec_amt": 331250900.00000000,
            "row_type": "ORG",
            "ly_ytd_normal_rec_amt": 1157197000.00000000,
            "level": 2,
            "ytd_rec_amt": 6715000900.00000000,
            "mtd_overdue_rec_amt_rate": 17.44717950,
            "ly_rec_yoy_rate": 101.1200,
            "ytd_normal_mom_rate": 14.9600,
            "mtd_normal_rec_amt": 448824000.00000000,
            "lm_ytd_rec_amt": 6089554900.00000000,
            "org_id": "A2470314399",
            "ly_ytd_overdue_rec_amt": 2181684000.00000000,
            "normal_mom_rate": 35.4900,
            "normal_yoy_rate": 246.6000,
            "period_wid": "20201125",
            "ytd_normal_rec_amt": 4010839900.00000000,
            "overdue_mom_rate": -10.9000,
            "lm_ytd_overdue_rec_amt": 2600675000.00000000
        },
        {
            "bu_name": "集团总部",
            "lm_mtd_rec_amt": 70699000.00000000,
            "lm_ytd_normal_rec_amt": 457572000.00000000,
            "ly_ytd_rec_amt": 1604581000.00000000,
            "rec_yoy_rate": 45.2600,
            "ytd_overdue_rec_amt_rate": 44.29049544,
            "lm_mtd_overdue_rec_amt": 27464000.00000000,
            "mtd_rec_amt": 149586848.00000000,
            "ytd_overdue_mom_rate": 7.5700,
            "overdue_yoy_rate": -24.2000,
            "mtd_rec_mom_rate": 111.5800,
            "w_insert_date": 1606293670000,
            "ly_mtd_rec_amt": 102981000.00000000,
            "mtd_overdue_rec_amt": 27735848.00000000,
            "ytd_overdue_rec_amt": 501829848.00000000,
            "bu_id": "A30003353",
            "org_name": "西南区域公司",
            "ytd_rec_mom_rate": 22.6100,
            "lm_mtd_normal_rec_amt": 43235000.00000000,
            "row_type": "ORG",
            "ly_ytd_normal_rec_amt": 942507000.00000000,
            "level": 2,
            "ytd_rec_amt": 1133041848.00000000,
            "mtd_overdue_rec_amt_rate": 18.54163543,
            "ly_rec_yoy_rate": -29.3900,
            "ytd_normal_mom_rate": 37.9500,
            "mtd_normal_rec_amt": 121851000.00000000,
            "lm_ytd_rec_amt": 924074000.00000000,
            "org_id": "A1195403672",
            "ly_ytd_overdue_rec_amt": 662074000.00000000,
            "normal_mom_rate": 181.8300,
            "normal_yoy_rate": -33.0300,
            "period_wid": "20201125",
            "ytd_normal_rec_amt": 631212000.00000000,
            "overdue_mom_rate": 0.9900,
            "lm_ytd_overdue_rec_amt": 466502000.00000000
        },
        {
            "bu_name": "集团总部",
            "lm_mtd_rec_amt": 207849000.00000000,
            "lm_ytd_normal_rec_amt": 1869534000.00000000,
            "ly_ytd_rec_amt": 2565678000.00000000,
            "rec_yoy_rate": 75.6500,
            "ytd_overdue_rec_amt_rate": 19.47731238,
            "lm_mtd_overdue_rec_amt": 33859000.00000000,
            "mtd_rec_amt": 240722000.00000000,
            "ytd_overdue_mom_rate": 11.7700,
            "overdue_yoy_rate": -8.0700,
            "mtd_rec_mom_rate": 15.8200,
            "w_insert_date": 1606293670000,
            "ly_mtd_rec_amt": 137050000.00000000,
            "mtd_overdue_rec_amt": 46948000.00000000,
            "ytd_overdue_rec_amt": 514091000.00000000,
            "bu_id": "A30003353",
            "org_name": "川渝区域公司",
            "ytd_rec_mom_rate": 13.3000,
            "lm_mtd_normal_rec_amt": 173990000.00000000,
            "row_type": "ORG",
            "ly_ytd_normal_rec_amt": 2006470000.00000000,
            "level": 2,
            "ytd_rec_amt": 2639435000.00000000,
            "mtd_overdue_rec_amt_rate": 19.50299516,
            "ly_rec_yoy_rate": 2.8700,
            "ytd_normal_mom_rate": 13.6800,
            "mtd_normal_rec_amt": 193774000.00000000,
            "lm_ytd_rec_amt": 2329500000.00000000,
            "org_id": "A7319161253",
            "ly_ytd_overdue_rec_amt": 559208000.00000000,
            "normal_mom_rate": 11.3700,
            "normal_yoy_rate": 5.9200,
            "period_wid": "20201125",
            "ytd_normal_rec_amt": 2125344000.00000000,
            "overdue_mom_rate": 38.6600,
            "lm_ytd_overdue_rec_amt": 459966000.00000000
        },
        {
            "bu_name": "集团总部",
            "lm_mtd_rec_amt": 306772000.00000000,
            "lm_ytd_normal_rec_amt": 3005443888.00000000,
            "ly_ytd_rec_amt": 1566470646.00000000,
            "rec_yoy_rate": 100.0000,
            "ytd_overdue_rec_amt_rate": 27.12674486,
            "lm_mtd_overdue_rec_amt": 86521000.00000000,
            "mtd_rec_amt": 430403678.00000000,
            "ytd_overdue_mom_rate": 16.9700,
            "overdue_yoy_rate": 582.8400,
            "mtd_rec_mom_rate": 40.3000,
            "w_insert_date": 1606293670000,
            "ly_mtd_rec_amt": 215198000.00000000,
            "mtd_overdue_rec_amt": 130336000.00000000,
            "ytd_overdue_rec_amt": 1263851276.00000000,
            "bu_id": "A30003353",
            "org_name": "津淮区域公司",
            "ytd_rec_mom_rate": 14.0300,
            "lm_mtd_normal_rec_amt": 220251000.00000000,
            "row_type": "ORG",
            "ly_ytd_normal_rec_amt": 1381383870.00000000,
            "level": 2,
            "ytd_rec_amt": 4659059842.00000000,
            "mtd_overdue_rec_amt_rate": 30.28226910,
            "ly_rec_yoy_rate": 197.4200,
            "ytd_normal_mom_rate": 12.9700,
            "mtd_normal_rec_amt": 300067678.00000000,