{
    "result": "S",
    "msg": null,
    "data": [
        {
            "ORG_ID": "A30003353",
            "yq_rate10": 52.60099652,
            "yq_rate11": 41.01610446,
            "ys_sum_amt11": 17026824200.00000000,
            "ys_sum_amt10": 14993924300.00000000,
            "yq_rate12": 35.37720575,
            "yq_sum_amt10": 7886953600.00000000,
            "yq_sum_amt11": 6983740000.00000000,
            "yq_sum_amt12": 6739134500.00000000,
            "W_INSERT_DATE": 1606293692000,
            "PERIOD_WID": "20201125",
            "yq_sum_amt2": 7151344700.00000000,
            "yq_sum_amt1": 7125965948.72000000,
            "yq_sum_amt4": 6359341400.00000000,
            "yq_sum_amt3": 6287051200.00000000,
            "yq_sum_amt6": 5231786200.00000000,
            "ys_sum_amt12": 19049369100.00000000,
            "yq_sum_amt5": 5659750200.00000000,
            "yq_sum_amt8": 5462681500.00000000,
            "yq_sum_amt7": 5170793100.00000000,
            "TYPE": 1,
            "DATA_TYPE": "BU",
            "yq_sum_amt9": 6998661600.00000000,
            "ys_sum_amt3": 22012859900.00000000,
            "ys_sum_amt4": 21061895300.00000000,
            "ys_sum_amt5": 18799838300.00000000,
            "ys_sum_amt6": 19351294000.00000000,
            "ORG_NAME": "置业集团",
            "ys_sum_amt1": 24429891160.35000000,
            "ys_sum_amt2": 24927245200.00000000,
            "ys_sum_amt7": 18396124600.00000000,
            "ys_sum_amt8": 15675094500.00000000,
            "yq_rate9": 44.43264172,
            "ys_sum_amt9": 15751171500.00000000,
            "yq_rate8": 34.84943265,
            "yq_rate7": 28.10805652,
            "yq_rate6": 27.03584680,
            "yq_rate5": 30.10531319,
            "yq_rate4": 30.19358566,
            "yq_rate3": 28.56081049,
            "yq_rate2": 28.68886892,
            "yq_rate1": 29.16904501
        }
    ]
}