{
    "result": "S",
    "msg": null,
    "data": [
        {
            "fq_nextyear_amt": 270517881.40000000,
            "indoor_fqyq_amt": 11687111.15000000,
            "ys_sum_amt": 2444719541.00000000,
            "w_insert_date": 1606293684000,
            "type": "2",
            "outside_fqyq_amt": 105709506.02000000,
            "gjjyq_amt": 134223000.00000000,
            "outside_fq_amt": 514794097.65000000,
            "gjj_amt": 227937878.00000000,
            "org_id": "A1392342741",
            "yq_sum_amt": 557568617.17000000,
            "indoor_fq_amt": 192422565.35000000,
            "fq_nrxt_amt": 263294198.40000000,
            "data_type": "OU",
            "fq_ydq_amt": 117396617.17000000,
            "period_wid": "20201125",
            "org_name": "珠三角区域公司",
            "sy_amt": 1509565000.00000000,
            "fq_bydq_amt": 56007966.03000000,
            "syyq_amt": 305949000.00000000
        },
        {
            "fq_nextyear_amt": 145842207.98000000,
            "indoor_fqyq_amt": 5527780.04000000,
            "ys_sum_amt": 1267254426.40000000,
            "w_insert_date": 1606293684000,
            "type": "2",
            "outside_fqyq_amt": 63779533.64000000,
            "gjjyq_amt": 105950000.00000000,
            "outside_fq_amt": 627194071.69000000,
            "gjj_amt": 232390000.00000000,
            "org_id": "A1195403672",
            "yq_sum_amt": 308038465.68000000,
            "indoor_fq_amt": 54094202.71000000,
            "fq_nrxt_amt": 435738620.97000000,
            "data_type": "OU",
            "fq_ydq_amt": 69307313.68000000,
            "period_wid": "20201125",
            "org_name": "西南区域公司",
            "sy_amt": 353576152.00000000,
            "fq_bydq_amt": 30400131.77000000,
            "syyq_amt": 132781152.00000000
        },
        {
            "fq_nextyear_amt": 63529259.47000000,
            "indoor_fqyq_amt": 36265531.69000000,
            "ys_sum_amt": 634821165.55000000,
            "w_insert_date": 1606293684000,
            "type": "2",
            "outside_fqyq_amt": 83550385.11000000,
            "gjjyq_amt": 1980000.00000000,
            "outside_fq_amt": 430807474.86000000,
            "gjj_amt": 9760000.00000000,
            "org_id": "A7221113714",
            "yq_sum_amt": 150675916.80000000,
            "indoor_fq_amt": 98843690.69000000,
            "fq_nrxt_amt": 339998547.00000000,
            "data_type": "OU",
            "fq_ydq_amt": 119815916.80000000,
            "period_wid": "20201125",
            "org_name": "辽宁区域公司",
            "sy_amt": 95410000.00000000,
            "fq_bydq_amt": 6307442.28000000,
            "syyq_amt": 28880000.00000000
        },
        {
            "fq_nextyear_amt": 216523652.50000000,
            "indoor_fqyq_amt": 50083079.89000000,
            "ys_sum_amt": 3171289427.98000000,
            "w_insert_date": 1606293684000,
            "type": "2",
            "outside_fqyq_amt": 53712068.39000000,
            "gjjyq_amt": 222997867.00000000,
            "outside_fq_amt": 341268127.89000000,
            "gjj_amt": 643070067.00000000,
            "org_id": "A7244622569",
            "yq_sum_amt": 1067407297.48000000,
            "indoor_fq_amt": 56937477.89000000,
            "fq_nrxt_amt": 63939482.00000000,
            "data_type": "OU",
            "fq_ydq_amt": 103795148.28000000,
            "period_wid": "20201125",
            "org_name": "赣闽区域公司",
            "sy_amt": 2130013755.20000000,
            "fq_bydq_amt": 13947323.00000000,
            "syyq_amt": 740614282.20000000
        },
        {
            "fq_nextyear_amt": 88357568.21000000,
            "indoor_fqyq_amt": 9409533.66000000,
            "ys_sum_amt": 831444049.14000000,
            "w_insert_date": 1606293684000,
            "type": "2",
            "outside_fqyq_amt": 92260832.21000000,
            "gjjyq_amt": 34021000.00000000,
            "outside_fq_amt": 217608273.68000000,
            "gjj_amt": 119534000.00000000,
            "org_id": "A7319161253",
            "yq_sum_amt": 268491365.87000000,
            "indoor_fq_amt": 48838775.46000000,
            "fq_nrxt_amt": 66493727.23000000,
            "data_type": "OU",
            "fq_ydq_amt": 101670365.87000000,
            "period_wid": "20201125",
            "org_name": "川渝区域公司",
            "sy_amt": 445463000.00000000,
            "fq_bydq_amt": 9925387.83000000,
            "syyq_amt": 132800000.00000000
        },
        {
            "fq_nextyear_amt": 176329130.24000000,
            "indoor_fqyq_amt": 70760069.07000000,
            "ys_sum_amt": 1924469911.74000000,
            "w_insert_date": 1606293684000,
            "type": "2",
            "outside_fqyq_amt": 165033407.37000000,
            "gjjyq_amt": 155495000.00000000,
            "outside_fq_amt": 722781324.97000000,
            "gjj_amt": 309711756.00000000,
            "org_id": "A1392342636",
            "yq_sum_amt": 612979291.44000000,
            "indoor_fq_amt": 261481215.77000000,
            "fq_nrxt_amt": 387414816.36000000,
            "data_type": "OU",
            "fq_ydq_amt": 235793476.44000000,
            "period_wid": "20201125",
            "org_name": "湖南区域公司",
            "sy_amt": 630495615.00000000,
            "fq_bydq_amt": 184725117.70000000,
            "syyq_amt": 221690815.00000000
        },
        {
            "fq_nextyear_amt": 89124950.00000000,
            "indoor_fqyq_amt": 603314.78000000,
            "ys_sum_amt": 1340003439.79000000,
            "w_insert_date": 1606293684000,
            "type": "2",
            "outside_fqyq_amt": 13071166.57000000,
            "gjjyq_amt": 49666000.00000000,
            "outside_fq_amt": 190626338.91000000,
            "gjj_amt": 131359000.00000000,
            "org_id": "A1788118227",
            "yq_sum_amt": 334366481.35000000,
            "indoor_fq_amt": 120507213.88000000,
            "fq_nrxt_amt": 165043502.74000000,
            "data_type": "OU",
            "fq_ydq_amt": 13674481.35000000,
            "period_wid": "20201125",
            "org_name": "粤桂区域公司",
            "sy_amt": 897510887.00000000,
            "fq_bydq_amt": 43290618.70000000,
            "syyq_amt": 271026000.00000000
        },
        {
            "fq_nextyear_amt": 323301393.05000000,
            "indoor_fqyq_amt": 8917089.00000000,
            "ys_sum_amt": 3157207772.28000000,
            "w_insert_date": 1606293684000,
            "type": "2",
            "outside_fqyq_amt": 88505476.16000000,
            "gjjyq_amt": 669254487.00000000,
            "outside_fq_amt": 1273395319.06000000,
            "gjj_amt": 847906487.00000000,
            "org_id": "A2470314399",
            "yq_sum_amt": 969286993.16000000,
            "indoor_fq_amt": 101381052.22000000,
            "fq_nrxt_amt": 886234694.62000000,
            "data_type": "OU",
            "fq_ydq_amt": 97422565.16000000,
            "period_wid": "20201125",
            "org_name": "中部区域公司",
            "sy_amt": 934524914.00000000,
            "fq_bydq_amt": 67817718.45000000,
            "syyq_amt": 202609941.00000000
        },
        {
            "fq_nextyear_amt": 150024985.20000000,
            "indoor_fqyq_amt": 14969395.62000000,
            "ys_sum_amt": 3869961828.04000000,
            "w_insert_date": 1606293684000,
            "type": "2",
            "outside_fqyq_amt": 388722190.65000000,
            "gjjyq_amt": 160155351.00000000,
            "outside_fq_amt": 943191322.86000000,
            "gjj_amt": 585470351.00000000,
            "org_id": "A2782646555",
            "yq_sum_amt": 1029274965.87000000,
            "indoor_fq_amt": 34353791.58000000,
            "fq_nrxt_amt": 390537032.85000000,
            "data_type": "OU",
            "fq_ydq_amt": 403691586.27000000,
            "period_wid": "20201125",
            "org_name": "浙江区域公司",
            "sy_amt": 2306946362.60000000,
            "fq_bydq_amt": 33291510.12000000,