{
    "result": "S",
    "msg": null,
    "data": [
        {
            "bu_name": "集团总部",
            "lm_mtd_rec_amt": 65930000.00000000,
            "lm_ytd_normal_rec_amt": 212230000.00000000,
            "ly_ytd_rec_amt": 187737000.00000000,
            "rec_yoy_rate": 587.7200,
            "ytd_overdue_rec_amt_rate": 25.86877170,
            "lm_mtd_overdue_rec_amt": 13540000.00000000,
            "mtd_rec_amt": 125990000.00000000,
            "ytd_overdue_mom_rate": 32.2400,
            "overdue_yoy_rate": 120.7000,
            "mtd_rec_mom_rate": 91.1000,
            "w_insert_date": 1606295666000,
            "org_city_id": "A0000000011",
            "ly_mtd_rec_amt": 18320000.00000000,
            "mtd_overdue_rec_amt": 23220000.00000000,
            "ytd_overdue_rec_amt": 113321000.00000000,
            "bu_id": "A30003353",
            "org_name": "珠三角区域公司",
            "ytd_rec_mom_rate": 47.0400,
            "lm_mtd_normal_rec_amt": 52390000.00000000,
            "row_type": "ORG_CITY",
            "ly_ytd_normal_rec_amt": 136390000.00000000,
            "level": 3,
            "ytd_rec_amt": 438061000.00000000,
            "mtd_overdue_rec_amt_rate": 18.43003413,
            "ly_rec_yoy_rate": 133.3400,
            "ytd_normal_mom_rate": 53.0100,
            "mtd_normal_rec_amt": 102770000.00000000,
            "lm_ytd_rec_amt": 297921000.00000000,
            "org_id": "A1392342741",
            "ly_ytd_overdue_rec_amt": 51347000.00000000,
            "normal_mom_rate": 96.1600,
            "normal_yoy_rate": 138.1000,
            "period_wid": "20201125",
            "org_city_name": "广州公司",
            "ytd_normal_rec_amt": 324740000.00000000,
            "overdue_mom_rate": 71.4900,
            "lm_ytd_overdue_rec_amt": 85691000.00000000
        }
    ]
}