{
    "result": "S",
    "msg": null,
    "data": [
        {
            "ORG_ID": "A1392342741",
            "yq_rate10": 0E-8,
            "yq_rate11": 0E-8,
            "ys_sum_amt11": 0E-8,
            "ys_sum_amt10": 0E-8,
            "ORG_CITY_NAME": "广州公司",
            "yq_rate12": 0E-8,
            "yq_sum_amt10": 0E-8,
            "yq_sum_amt11": 0E-8,
            "PROJECT_NAME": "美的华发天珀",
            "yq_sum_amt12": 0E-8,
            "W_INSERT_DATE": 1606295667000,
            "PERIOD_WID": "20201125",
            "yq_sum_amt2": 0E-8,
            "yq_sum_amt1": 0E-8,
            "yq_sum_amt4": 0E-8,
            "yq_sum_amt3": 10300.00000000,
            "yq_sum_amt6": 0E-8,
            "ys_sum_amt12": 0E-8,
            "yq_sum_amt5": 0E-8,
            "yq_sum_amt8": 0E-8,
            "yq_sum_amt7": 0E-8,
            "TYPE": 4,
            "DATA_TYPE": "PROJECT",
            "yq_sum_amt9": 0E-8,
            "PROJECT_ID": "9dd84b90-c642-11e9-82e5-e172d9e7af2b",
            "ys_sum_amt3": 118127800.00000000,
            "ys_sum_amt4": 0E-8,
            "ys_sum_amt5": 0E-8,
            "ys_sum_amt6": 0E-8,
            "ORG_NAME": "珠三角区域公司",
            "ys_sum_amt1": 0E-8,
            "ys_sum_amt2": 0E-8,
            "ys_sum_amt7": 0E-8,
            "ys_sum_amt8": 0E-8,
            "yq_rate9": 0E-8,
            "ys_sum_amt9": 0E-8,
            "yq_rate8": 0E-8,
            "yq_rate7": 0E-8,
            "yq_rate6": 0E-8,
            "yq_rate5": 0E-8,
            "yq_rate4": 0E-8,
            "CITY_ID": "c79a7c4dd0f311e8bbf60a58ac1401a5",
            "yq_rate3": 0.00871937,
            "ORG_CITY_ID": "A0000000011",
            "yq_rate2": 0E-8,
            "yq_rate1": 0E-8,
            "CITY_NAME": "广州市"
        },
        {
            "ORG_ID": "A1392342741",
            "yq_rate10": 50.11817692,
            "yq_rate11": 25.62669459,
            "ys_sum_amt11": 75718700.00000000,
            "ys_sum_amt10": 78822500.00000000,
            "ORG_CITY_NAME": "广州公司",
            "yq_rate12": 24.77948858,
            "yq_sum_amt10": 39504400.00000000,
            "yq_sum_amt11": 19404200.00000000,
            "PROJECT_NAME": "南沙美的云筑",
            "yq_sum_amt12": 21702000.00000000,
            "W_INSERT_DATE": 1606295667000,
            "PERIOD_WID": "20201125",
            "yq_sum_amt2": 19763200.00000000,
            "yq_sum_amt1": 27053525.85000000,
            "yq_sum_amt4": 18451700.00000000,
            "yq_sum_amt3": 21691800.00000000,
            "yq_sum_amt6": 15996800.00000000,
            "ys_sum_amt12": 87580500.00000000,
            "yq_sum_amt5": 12895200.00000000,
            "yq_sum_amt8": 22598500.00000000,
            "yq_sum_amt7": 21920800.00000000,
            "TYPE": 4,
            "DATA_TYPE": "PROJECT",
            "yq_sum_amt9": 49228100.00000000,
            "PROJECT_ID": "276552BF-17A4-4226-9B3E-718DE9EABC68",
            "ys_sum_amt3": 105365100.00000000,
            "ys_sum_amt4": 90925100.00000000,
            "ys_sum_amt5": 68616400.00000000,
            "ys_sum_amt6": 67192800.00000000,
            "ORG_NAME": "珠三角区域公司",
            "ys_sum_amt1": 90630703.85000000,
            "ys_sum_amt2": 105622200.00000000,
            "ys_sum_amt7": 62421000.00000000,
            "ys_sum_amt8": 54737000.00000000,
            "yq_rate9": 58.01157448,
            "ys_sum_amt9": 84859100.00000000,
            "yq_rate8": 41.28560206,
            "yq_rate7": 35.11766873,
            "yq_rate6": 23.80731269,
            "yq_rate5": 18.79317481,
            "yq_rate4": 20.29329635,
            "CITY_ID": "c79a7c4dd0f311e8bbf60a58ac1401a5",
            "yq_rate3": 20.58727226,
            "ORG_CITY_ID": "A0000000011",
            "yq_rate2": 18.71121791,
            "yq_rate1": 29.85028771,
            "CITY_NAME": "广州市"
        },
        {
            "ORG_ID": "A1392342741",
            "yq_rate10": 0E-8,
            "yq_rate11": 0E-8,
            "ys_sum_amt11": 0E-8,
            "ys_sum_amt10": 0E-8,
            "ORG_CITY_NAME": "广州公司",
            "yq_rate12": 0E-8,
            "yq_sum_amt10": 0E-8,
            "yq_sum_amt11": 0E-8,
            "PROJECT_NAME": "广州南沙美的绿城8号地块项目",
            "yq_sum_amt12": 0E-8,
            "W_INSERT_DATE": 1606295667000,
            "PERIOD_WID": "20201125",
            "yq_sum_amt2": 31131900.00000000,
            "yq_sum_amt1": 25058428.60000000,
            "yq_sum_amt4": 24400.00000000,
            "yq_sum_amt3": 1115800.00000000,
            "yq_sum_amt6": 0E-8,
            "ys_sum_amt12": 0E-8,
            "yq_sum_amt5": 0E-8,
            "yq_sum_amt8": 0E-8,
            "yq_sum_amt7": 0E-8,
            "TYPE": 4,
            "DATA_TYPE": "PROJECT",
            "yq_sum_amt9": 0E-8,
            "PROJECT_ID": "7c96be80-de98-11e9-92b6-451ae69f85a1",
            "ys_sum_amt3": 86367800.00000000,
            "ys_sum_amt4": 99993000.00000000,
            "ys_sum_amt5": 0E-8,
            "ys_sum_amt6": 0E-8,
            "ORG_NAME": "珠三角区域公司",
            "ys_sum_amt1": 280126099.80000000,
            "ys_sum_amt2": 272401100.00000000,
            "ys_sum_amt7": 0E-8,
            "ys_sum_amt8": 0E-8,
            "yq_rate9": 0E-8,
            "ys_sum_amt9": 0E-8,
            "yq_rate8": 0E-8,
            "yq_rate7": 0E-8,
            "yq_rate6": 0E-8,
            "yq_rate5": 0E-8,
            "yq_rate4": 0.02440171,
            "CITY_ID": "c79a7c4dd0f311e8bbf60a58ac1401a5",
            "yq_rate3": 1.29191666,
            "ORG_CITY_ID": "A0000000011",
            "yq_rate2": 11.42869834,
            "yq_rate1": 8.94541016,
            "CITY_NAME": "广州市"
        },
        {
            "ORG_ID": "A1392342741",
            "yq_rate10": 0E-8,
            "yq_rate11": 0E-8,
            "ys_sum_amt11": 0E-8,
            "ys_sum_amt10": 0E-8,
            "ORG_CITY_NAME": "广州公司",
            "yq_rate12": 0E-8,
            "yq_sum_amt10": 0E-8,
            "yq_sum_amt11": 0E-8,
            "PROJECT_NAME": "广州美的华发天珀花园",
            "yq_sum_amt12": 0E-8,
            "W_INSERT_DATE": 1606295667000,
            "PERIOD_WID": "20201125",
            "yq_sum_amt2": 2484400.00000000,
            "yq_sum_amt1": 22044053.85000000,
            "yq_sum_amt4": 0E-8,
            "yq_sum_amt3": 0E-8,
            "yq_sum_amt6": 0E-8,
            "ys_sum_amt12": 0E-8,
            "yq_sum_amt5": 0E-8,
            "yq_sum_amt8": 0E-8,
            "yq_sum_amt7": 0E-8,
            "TYPE": 4,
            "DATA_TYPE": "PROJECT",
            "yq_sum_amt9": 0E-8,
            "PROJECT_ID": "9dd84b90-c642-11e9-82e5-e172d9e7af2b",
            "ys_sum_amt3": 0E-8,
            "ys_sum_amt4": 0E-8,
            "ys_sum_amt5": 0E-8,
            "ys_sum_amt6": 0E-8,
            "ORG_NAME": "珠三角区域公司",
            "ys_sum_amt1": 290054040.35000000,
            "ys_sum_amt2": 227217000.00000000,
            "ys_sum_amt7": 0E-8,
            "ys_sum_amt8": 0E-8,
            "yq_rate9": 0E-8,
            "ys_sum_amt9": 0E-8,
            "yq_rate8": 0E-8,
            "yq_rate7": 0E-8,
            "yq_rate6": 0E-8,
            "yq_rate5": 0E-8,
            "yq_rate4": 0E-8,
            "CITY_ID": "c79a7c4dd0f311e8bbf60a58ac1401a5",
            "yq_rate3": 0E-8,
            "ORG_CITY_ID": "A0000000011",
            "yq_rate2": 1.09340410,
            "yq_rate1": 7.59998165,
            "CITY_NAME": "广州市"
        }
    ]
}