{
    "result": "S",
    "msg": null,
    "data": [
        {
            "ORG_ID": "A1392342741",
            "yq_rate10": 50.11817692,
            "yq_rate11": 25.62669459,
            "ys_sum_amt11": 75718700.00000000,
            "ys_sum_amt10": 78822500.00000000,
            "ORG_CITY_NAME": "广州公司",
            "yq_rate12": 24.77948858,
            "yq_sum_amt10": 39504400.00000000,
            "yq_sum_amt11": 19404200.00000000,
            "yq_sum_amt12": 21702000.00000000,
            "W_INSERT_DATE": 1606295667000,
            "PERIOD_WID": "20201125",
            "yq_sum_amt2": 53379500.00000000,
            "yq_sum_amt1": 74156008.30000000,
            "yq_sum_amt4": 18476100.00000000,
            "yq_sum_amt3": 22817900.00000000,
            "yq_sum_amt6": 15996800.00000000,
            "ys_sum_amt12": 87580500.00000000,
            "yq_sum_amt5": 12895200.00000000,
            "yq_sum_amt8": 22598500.00000000,
            "yq_sum_amt7": 21920800.00000000,
            "TYPE": 3,
            "DATA_TYPE": "ORG_CITY",
            "yq_sum_amt9": 49228100.00000000,
            "ys_sum_amt3": 309860700.00000000,
            "ys_sum_amt4": 190918100.00000000,
            "ys_sum_amt5": 68616400.00000000,
            "ys_sum_amt6": 67192800.00000000,
            "ORG_NAME": "珠三角区域公司",
            "ys_sum_amt1": 660810844.00000000,
            "ys_sum_amt2": 605240300.00000000,
            "ys_sum_amt7": 62421000.00000000,
            "ys_sum_amt8": 54737000.00000000,
            "yq_rate9": 58.01157448,
            "ys_sum_amt9": 84859100.00000000,
            "yq_rate8": 41.28560206,
            "yq_rate7": 35.11766873,
            "yq_rate6": 23.80731269,
            "yq_rate5": 18.79317481,
            "yq_rate4": 9.67750046,
            "yq_rate3": 7.36392192,
            "ORG_CITY_ID": "A0000000011",
            "yq_rate2": 8.81955481,
            "yq_rate1": 11.22197206
        }
    ]
}