{
    "result": "S",
    "msg": null,
    "data": [
        {
            "bu_name": "集团总部",
            "lm_mtd_rec_amt": 17471000.00000000,
            "lm_ytd_normal_rec_amt": 160837994.00000000,
            "ly_ytd_rec_amt": 439661000.00000000,
            "rec_yoy_rate": 24.1100,
            "ytd_overdue_rec_amt_rate": 58.97955477,
            "lm_mtd_overdue_rec_amt": 9802000.00000000,
            "mtd_rec_amt": 14000000.00000000,
            "ytd_overdue_mom_rate": 3.8500,
            "overdue_yoy_rate": -40.3200,
            "mtd_rec_mom_rate": -19.8700,
            "w_insert_date": 1606294559000,
            "org_city_id": "A0000000012",
            "ly_mtd_rec_amt": 11280000.00000000,
            "mtd_overdue_rec_amt": 7640000.00000000,
            "ytd_overdue_rec_amt": 242785500.00000000,
            "bu_id": "A30003353",
            "org_name": "珠三角区域公司",
            "ytd_rec_mom_rate": 4.3100,
            "lm_mtd_normal_rec_amt": 7669000.00000000,
            "row_type": "ORG_CITY",
            "ly_ytd_normal_rec_amt": 32859000.00000000,
            "level": 3,
            "ytd_rec_amt": 411643494.00000000,
            "mtd_overdue_rec_amt_rate": 54.57142857,
            "ly_rec_yoy_rate": -6.3700,
            "ytd_normal_mom_rate": 4.9900,
            "mtd_normal_rec_amt": 6360000.00000000,
            "lm_ytd_rec_amt": 394633494.00000000,
            "org_id": "A1392342741",
            "ly_ytd_overdue_rec_amt": 406802000.00000000,
            "normal_mom_rate": -17.0700,
            "normal_yoy_rate": 413.8900,
            "period_wid": "20201125",
            "org_city_name": "区域直属城市公司",
            "ytd_normal_rec_amt": 168857994.00000000,
            "overdue_mom_rate": -22.0600,
            "lm_ytd_overdue_rec_amt": 233795500.00000000
        },
        {
            "bu_name": "集团总部",
            "lm_mtd_rec_amt": 68388000.00000000,
            "lm_ytd_normal_rec_amt": 781427000.00000000,
            "rec_yoy_rate": 0.0000,
            "ytd_overdue_rec_amt_rate": 6.07297119,
            "lm_mtd_overdue_rec_amt": 2190000.00000000,
            "mtd_rec_amt": 105440000.00000000,
            "ytd_overdue_mom_rate": 26.8400,
            "overdue_yoy_rate": 0.0000,
            "mtd_rec_mom_rate": 54.1800,
            "w_insert_date": 1606294559000,
            "org_city_id": "A0000000010",
            "mtd_overdue_rec_amt": 12000000.00000000,
            "ytd_overdue_rec_amt": 56704000.00000000,
            "bu_id": "A30003353",
            "org_name": "珠三角区域公司",
            "ytd_rec_mom_rate": 13.0200,
            "lm_mtd_normal_rec_amt": 66198000.00000000,
            "row_type": "ORG_CITY",
            "level": 3,
            "ytd_rec_amt": 933711000.00000000,
            "mtd_overdue_rec_amt_rate": 11.38088012,
            "ly_rec_yoy_rate": 0.0000,
            "ytd_normal_mom_rate": 12.2300,
            "mtd_normal_rec_amt": 93440000.00000000,
            "lm_ytd_rec_amt": 826131000.00000000,
            "org_id": "A1392342741",
            "normal_mom_rate": 41.1500,
            "normal_yoy_rate": 0.0000,
            "period_wid": "20201125",
            "org_city_name": "莞惠公司",
            "ytd_normal_rec_amt": 877007000.00000000,
            "overdue_mom_rate": 447.9500,
            "lm_ytd_overdue_rec_amt": 44704000.00000000
        },
        {
            "bu_name": "集团总部",
            "lm_mtd_rec_amt": 72190000.00000000,
            "lm_ytd_normal_rec_amt": 1090076000.00000000,
            "ly_ytd_rec_amt": 3856886000.00000000,
            "rec_yoy_rate": 110.5500,
            "ytd_overdue_rec_amt_rate": 35.58828809,
            "lm_mtd_overdue_rec_amt": 18020000.00000000,
            "mtd_rec_amt": 238210000.00000000,
            "ytd_overdue_mom_rate": 37.1500,
            "overdue_yoy_rate": -55.4300,
            "mtd_rec_mom_rate": 229.9800,
            "w_insert_date": 1606294559000,
            "org_city_id": "A0000001110",
            "ly_mtd_rec_amt": 113138000.00000000,
            "mtd_overdue_rec_amt": 100730000.00000000,
            "ytd_overdue_rec_amt": 929812000.00000000,
            "bu_id": "A30003353",
            "org_name": "珠三角区域公司",
            "ytd_rec_mom_rate": 47.7700,
            "lm_mtd_normal_rec_amt": 54170000.00000000,
            "row_type": "ORG_CITY",
            "ly_ytd_normal_rec_amt": 1770701000.00000000,
            "level": 3,
            "ytd_rec_amt": 2612691000.00000000,
            "mtd_overdue_rec_amt_rate": 42.28621804,
            "ly_rec_yoy_rate": -32.2600,
            "ytd_normal_mom_rate": 54.3800,
            "mtd_normal_rec_amt": 137480000.00000000,
            "lm_ytd_rec_amt": 1768027000.00000000,
            "org_id": "A1392342741",
            "ly_ytd_overdue_rec_amt": 2086185000.00000000,
            "normal_mom_rate": 153.7900,
            "normal_yoy_rate": -4.9600,
            "period_wid": "20201125",
            "org_city_name": "顺德公司",
            "ytd_normal_rec_amt": 1682879000.00000000,
            "overdue_mom_rate": 458.9900,
            "lm_ytd_overdue_rec_amt": 677951000.00000000
        },
        {
            "bu_name": "集团总部",
            "lm_mtd_rec_amt": 65930000.00000000,
            "lm_ytd_normal_rec_amt": 212230000.00000000,
            "ly_ytd_rec_amt": 187737000.00000000,
            "rec_yoy_rate": 587.7200,
            "ytd_overdue_rec_amt_rate": 25.86877170,
            "lm_mtd_overdue_rec_amt": 13540000.00000000,
            "mtd_rec_amt": 125990000.00000000,
            "ytd_overdue_mom_rate": 32.2400,
            "overdue_yoy_rate": 120.7000,
            "mtd_rec_mom_rate": 91.1000,
            "w_insert_date": 1606294559000,
            "org_city_id": "A0000000011",
            "ly_mtd_rec_amt": 18320000.00000000,
            "mtd_overdue_rec_amt": 23220000.00000000,
            "ytd_overdue_rec_amt": 113321000.00000000,
            "bu_id": "A30003353",
            "org_name": "珠三角区域公司",
            "ytd_rec_mom_rate": 47.0400,
            "lm_mtd_normal_rec_amt": 52390000.00000000,
            "row_type": "ORG_CITY",
            "ly_ytd_normal_rec_amt": 136390000.00000000,
            "level": 3,
            "ytd_rec_amt": 438061000.00000000,
            "mtd_overdue_rec_amt_rate": 18.43003413,
            "ly_rec_yoy_rate": 133.3400,
            "ytd_normal_mom_rate": 53.0100,
            "mtd_normal_rec_amt": 102770000.00000000,
            "lm_ytd_rec_amt": 297921000.00000000,
            "org_id": "A1392342741",
            "ly_ytd_overdue_rec_amt": 51347000.00000000,
            "normal_mom_rate": 96.1600,
            "normal_yoy_rate": 138.1000,
            "period_wid": "20201125",
            "org_city_name": "广州公司",
            "ytd_normal_rec_amt": 324740000.00000000,
            "overdue_mom_rate": 71.4900,
            "lm_ytd_overdue_rec_amt": 85691000.00000000
        },
        {
            "bu_name": "集团总部",
            "lm_mtd_rec_amt": 87487000.00000000,
            "lm_ytd_normal_rec_amt": 822576000.00000000,
            "ly_ytd_rec_amt": 1291968000.00000000,
            "rec_yoy_rate": -14.0300,
            "ytd_overdue_rec_amt_rate": 23.06951932,
            "lm_mtd_overdue_rec_amt": 27600000.00000000,
            "mtd_rec_amt": 98265000.00000000,
            "ytd_overdue_mom_rate": 13.0800,
            "overdue_yoy_rate": 151.8900,
            "mtd_rec_mom_rate": 12.3200,
            "w_insert_date": 1606294559000,
            "org_city_id": "A0000001194",
            "ly_mtd_rec_amt": 114295000.00000000,
            "mtd_overdue_rec_amt": 28755000.00000000,
            "ytd_overdue_rec_amt": 270366000.00000000,
            "bu_id": "A30003353",
            "org_name": "珠三角区域公司",
            "ytd_rec_mom_rate": 10.3900,
            "lm_mtd_normal_rec_amt": 59887000.00000000,
            "row_type": "ORG_CITY",
            "ly_ytd_normal_rec_amt": 1184635000.00000000,
            "level": 3,
            "ytd_rec_amt": 1171962000.00000000,
            "mtd_overdue_rec_amt_rate": 29.26270798,