{
    "result": "S",
    "msg": null,
    "data": [
        {
            "bu_name": "集团总部",
            "lm_mtd_rec_amt": 357036000.00000000,
            "lm_ytd_normal_rec_amt": 3487599994.00000000,
            "ly_ytd_rec_amt": 6145423999.00000000,
            "rec_yoy_rate": 110.9200,
            "ytd_overdue_rec_amt_rate": 28.96854631,
            "lm_mtd_overdue_rec_amt": 89232000.00000000,
            "mtd_rec_amt": 581905000.00000000,
            "ytd_overdue_mom_rate": 13.2700,
            "overdue_yoy_rate": -40.0400,
            "mtd_rec_mom_rate": 62.9800,
            "w_insert_date": 1606294559000,
            "ly_mtd_rec_amt": 275893000.00000000,
            "mtd_overdue_rec_amt": 172345000.00000000,
            "ytd_overdue_rec_amt": 1612988500.00000000,
            "bu_id": "A30003353",
            "org_name": "珠三角区域公司",
            "ytd_rec_mom_rate": 13.3700,
            "lm_mtd_normal_rec_amt": 267804000.00000000,
            "row_type": "ORG",
            "ly_ytd_normal_rec_amt": 3455156999.00000000,
            "level": 2,
            "ytd_rec_amt": 5568068494.00000000,
            "mtd_overdue_rec_amt_rate": 29.61737741,
            "ly_rec_yoy_rate": -9.3900,
            "ytd_normal_mom_rate": 13.4000,
            "mtd_normal_rec_amt": 409560000.00000000,
            "lm_ytd_rec_amt": 4911582494.00000000,
            "org_id": "A1392342741",
            "ly_ytd_overdue_rec_amt": 2690267000.00000000,
            "normal_mom_rate": 52.9300,
            "normal_yoy_rate": 14.4700,
            "period_wid": "20201125",
            "ytd_normal_rec_amt": 3955079994.00000000,
            "overdue_mom_rate": 93.1400,
            "lm_ytd_overdue_rec_amt": 1423982500.00000000
        }
    ]
}