{
    "result": "S",
    "msg": null,
    "data": [
        {
            "ORG_ID": "A1392342741",
            "yq_rate10": 53.72853264,
            "yq_rate11": 36.80439547,
            "ys_sum_amt11": 1723718300.00000000,
            "ys_sum_amt10": 1398629300.00000000,
            "yq_rate12": 32.04734742,
            "yq_sum_amt10": 751463000.00000000,
            "yq_sum_amt11": 634404100.00000000,
            "yq_sum_amt12": 706531300.00000000,
            "W_INSERT_DATE": 1606294553000,
            "PERIOD_WID": "20201125",
            "yq_sum_amt2": 583963500.00000000,
            "yq_sum_amt1": 557568617.17000000,
            "yq_sum_amt4": 428997400.00000000,
            "yq_sum_amt3": 463438100.00000000,
            "yq_sum_amt6": 457419400.00000000,
            "ys_sum_amt12": 2204648300.00000000,
            "yq_sum_amt5": 421289500.00000000,
            "yq_sum_amt8": 584362400.00000000,
            "yq_sum_amt7": 501604300.00000000,
            "TYPE": 2,
            "DATA_TYPE": "OU",
            "yq_sum_amt9": 741220400.00000000,
            "ys_sum_amt3": 1892032600.00000000,
            "ys_sum_amt4": 1829891200.00000000,
            "ys_sum_amt5": 1393042400.00000000,
            "ys_sum_amt6": 1609146400.00000000,
            "ORG_NAME": "珠三角区域公司",
            "ys_sum_amt1": 2444719541.00000000,
            "ys_sum_amt2": 2388023800.00000000,
            "ys_sum_amt7": 1203600000.00000000,
            "ys_sum_amt8": 1232737000.00000000,
            "yq_rate9": 53.34708862,
            "ys_sum_amt9": 1389429900.00000000,
            "yq_rate8": 47.40365544,
            "yq_rate7": 41.67533234,
            "yq_rate6": 28.42621405,
            "yq_rate5": 30.24240325,
            "yq_rate4": 23.44387470,
            "yq_rate3": 24.49419212,
            "yq_rate2": 24.45383920,
            "yq_rate1": 22.80705855
        }
    ]
}