{
    "result": "S",
    "msg": null,
    "data": [
        {
            "ORG_ID": "A1392342741",
            "yq_rate10": 67.04749147,
            "yq_rate11": 30.80869922,
            "ys_sum_amt11": 300298300.00000000,
            "ys_sum_amt10": 208424800.00000000,
            "ORG_CITY_NAME": "佛山北片区公司",
            "yq_rate12": 19.52490759,
            "yq_sum_amt10": 139743600.00000000,
            "yq_sum_amt11": 92518000.00000000,
            "yq_sum_amt12": 73613900.00000000,
            "W_INSERT_DATE": 1606295667000,
            "PERIOD_WID": "20201125",
            "yq_sum_amt2": 110266500.00000000,
            "yq_sum_amt1": 100649675.00000000,
            "yq_sum_amt4": 98301800.00000000,
            "yq_sum_amt3": 106875700.00000000,
            "yq_sum_amt6": 91348700.00000000,
            "ys_sum_amt12": 377025600.00000000,
            "yq_sum_amt5": 90295200.00000000,
            "yq_sum_amt8": 104335300.00000000,
            "yq_sum_amt7": 99286700.00000000,
            "TYPE": 3,
            "DATA_TYPE": "ORG_CITY",
            "yq_sum_amt9": 128538600.00000000,
            "ys_sum_amt3": 303819000.00000000,
            "ys_sum_amt4": 300994800.00000000,
            "ys_sum_amt5": 221656200.00000000,
            "ys_sum_amt6": 244489400.00000000,
            "ORG_NAME": "珠三角区域公司",
            "ys_sum_amt1": 370289552.00000000,
            "ys_sum_amt2": 356304300.00000000,
            "ys_sum_amt7": 208429100.00000000,
            "ys_sum_amt8": 175110000.00000000,
            "yq_rate9": 58.96563588,
            "ys_sum_amt9": 217989000.00000000,
            "yq_rate8": 59.58271943,
            "yq_rate7": 47.63571881,
            "yq_rate6": 37.36305132,
            "yq_rate5": 40.73660019,
            "yq_rate4": 32.65896952,
            "yq_rate3": 35.17742472,
            "ORG_CITY_ID": "A0000001194",
            "yq_rate2": 30.94728298,
            "yq_rate1": 27.18134348
        },
        {
            "ORG_ID": "A1392342741",
            "yq_rate10": 17.16709928,
            "yq_rate11": 12.73950289,
            "ys_sum_amt11": 235988800.00000000,
            "ys_sum_amt10": 230767000.00000000,
            "ORG_CITY_NAME": "商业片区",
            "yq_rate12": 9.49118399,
            "yq_sum_amt10": 39616000.00000000,
            "yq_sum_amt11": 30063800.00000000,
            "yq_sum_amt12": 26686400.00000000,
            "W_INSERT_DATE": 1606295667000,
            "PERIOD_WID": "20201125",
            "yq_sum_amt2": 109650800.00000000,
            "yq_sum_amt1": 0E-8,
            "yq_sum_amt4": 53512000.00000000,
            "yq_sum_amt3": 64994000.00000000,
            "yq_sum_amt6": 32381600.00000000,
            "ys_sum_amt12": 281170400.00000000,
            "yq_sum_amt5": 45411600.00000000,
            "yq_sum_amt8": 28695800.00000000,
            "yq_sum_amt7": 28813100.00000000,
            "TYPE": 3,
            "DATA_TYPE": "ORG_CITY",
            "yq_sum_amt9": 36651400.00000000,
            "ys_sum_amt3": 329666700.00000000,
            "ys_sum_amt4": 365151100.00000000,
            "ys_sum_amt5": 324800800.00000000,
            "ys_sum_amt6": 277527800.00000000,
            "ORG_NAME": "珠三角区域公司",
            "ys_sum_amt1": 0E-8,
            "ys_sum_amt2": 358542500.00000000,
            "ys_sum_amt7": 262863600.00000000,
            "ys_sum_amt8": 250999800.00000000,
            "yq_rate9": 15.62174071,
            "ys_sum_amt9": 234617900.00000000,
            "yq_rate8": 11.43259875,
            "yq_rate7": 10.96123617,
            "yq_rate6": 11.66787616,
            "yq_rate5": 13.98136950,
            "yq_rate4": 14.65475525,
            "yq_rate3": 19.71506373,
            "ORG_CITY_ID": "A0000001062",
            "yq_rate2": 30.58237169,
            "yq_rate1": 0E-8
        },
        {
            "ORG_ID": "A1392342741",
            "yq_rate10": 58.53122221,
            "yq_rate11": 44.43971156,
            "ys_sum_amt11": 891869200.00000000,
            "ys_sum_amt10": 715860500.00000000,
            "ORG_CITY_NAME": "顺德公司",
            "yq_rate12": 37.77062508,
            "yq_sum_amt10": 419001900.00000000,
            "yq_sum_amt11": 396344100.00000000,
            "yq_sum_amt12": 435110500.00000000,
            "W_INSERT_DATE": 1606295667000,
            "PERIOD_WID": "20201125",
            "yq_sum_amt2": 260005900.00000000,
            "yq_sum_amt1": 332163585.87000000,
            "yq_sum_amt4": 229450300.00000000,
            "yq_sum_amt3": 238596400.00000000,
            "yq_sum_amt6": 281476900.00000000,
            "ys_sum_amt12": 1151981200.00000000,
            "yq_sum_amt5": 248471000.00000000,
            "yq_sum_amt8": 373089400.00000000,
            "yq_sum_amt7": 308124900.00000000,
            "TYPE": 3,
            "DATA_TYPE": "ORG_CITY",
            "yq_sum_amt9": 441105300.00000000,
            "ys_sum_amt3": 624439800.00000000,
            "ys_sum_amt4": 576092900.00000000,
            "ys_sum_amt5": 583378900.00000000,
            "ys_sum_amt6": 652288000.00000000,
            "ORG_NAME": "珠三角区域公司",
            "ys_sum_amt1": 959053627.00000000,
            "ys_sum_amt2": 732538300.00000000,
            "ys_sum_amt7": 562885600.00000000,
            "ys_sum_amt8": 622585400.00000000,
            "yq_rate9": 62.80859996,
            "ys_sum_amt9": 702300800.00000000,
            "yq_rate8": 59.92581901,
            "yq_rate7": 54.74023496,
            "yq_rate6": 43.15224257,
            "yq_rate5": 42.59170155,
            "yq_rate4": 39.82869777,
            "yq_rate3": 38.20967209,
            "ORG_CITY_ID": "A0000001110",
            "yq_rate2": 35.49383015,
            "yq_rate1": 34.63451641
        },
        {
            "ORG_ID": "A1392342741",
            "yq_rate10": 0E-8,
            "yq_rate11": 0E-8,
            "ys_sum_amt11": 0E-8,
            "ys_sum_amt10": 0E-8,
            "ORG_CITY_NAME": "区域直属城市公司",
            "yq_rate12": 0E-8,
            "yq_sum_amt10": 0E-8,
            "yq_sum_amt11": 0E-8,
            "yq_sum_amt12": 0E-8,
            "W_INSERT_DATE": 1606295667000,
            "PERIOD_WID": "20201125",
            "yq_sum_amt2": 0E-8,
            "yq_sum_amt1": 31599348.00000000,
            "yq_sum_amt4": 0E-8,
            "yq_sum_amt3": 0E-8,
            "yq_sum_amt6": 0E-8,
            "ys_sum_amt12": 0E-8,
            "yq_sum_amt5": 0E-8,
            "yq_sum_amt8": 0E-8,
            "yq_sum_amt7": 0E-8,
            "TYPE": 3,
            "DATA_TYPE": "ORG_CITY",
            "yq_sum_amt9": 0E-8,
            "ys_sum_amt3": 0E-8,
            "ys_sum_amt4": 0E-8,
            "ys_sum_amt5": 0E-8,
            "ys_sum_amt6": 0E-8,
            "ORG_NAME": "珠三角区域公司",
            "ys_sum_amt1": 86069378.00000000,
            "ys_sum_amt2": 0E-8,
            "ys_sum_amt7": 0E-8,
            "ys_sum_amt8": 0E-8,
            "yq_rate9": 0E-8,
            "ys_sum_amt9": 0E-8,
            "yq_rate8": 0E-8,
            "yq_rate7": 0E-8,
            "yq_rate6": 0E-8,
            "yq_rate5": 0E-8,
            "yq_rate4": 0E-8,
            "yq_rate3": 0E-8,
            "ORG_CITY_ID": "A0000000012",
            "yq_rate2": 0E-8,
            "yq_rate1": 36.71381011
        },
        {
            "ORG_ID": "A1392342741",
            "yq_rate10": 82.00131757,
            "yq_rate11": 65.42344373,
            "ys_sum_amt11": 146849500.00000000,
            "ys_sum_amt10": 122194500.00000000,
            "ORG_CITY_NAME": "中山公司",
            "yq_rate12": 62.61162052,
            "yq_sum_amt10": 100201100.00000000,
            "yq_sum_amt11": 96074000.00000000,
            "yq_sum_amt12": 149418500.00000000,
            "W_INSERT_DATE": 1606295667000,
            "PERIOD_WID": "20201125",
            "yq_sum_amt2": 25110800.00000000,
            "yq_sum_amt1": 0E-8,
            "yq_sum_amt4": 23817200.00000000,
            "yq_sum_amt3": 25935700.00000000,
            "yq_sum_amt6": 30610900.00000000,
            "ys_sum_amt12": 238643400.00000000,