{
    "result": "S",
    "msg": null,
    "data": [
        {
            "fq_nextyear_amt": 82186907.10000000,
            "indoor_fqyq_amt": 9851.10000000,
            "ys_sum_amt": 660810844.00000000,
            "w_insert_date": 1606294550000,
            "type": "3",
            "outside_fqyq_amt": 5486157.20000000,
            "gjjyq_amt": 3200000.00000000,
            "outside_fq_amt": 143687420.60000000,
            "org_city_id": "A0000000011",
            "gjj_amt": 34665878.00000000,
            "org_id": "A1392342741",
            "yq_sum_amt": 74156008.30000000,
            "indoor_fq_amt": 3617545.40000000,
            "fq_nrxt_amt": 18957294.50000000,
            "data_type": "ORG_CITY",
            "fq_ydq_amt": 5496008.30000000,
            "period_wid": "20201125",
            "org_city_name": "广州公司",
            "org_name": "珠三角区域公司",
            "sy_amt": 478840000.00000000,
            "fq_bydq_amt": 40664756.10000000,
            "syyq_amt": 65460000.00000000
        },
        {
            "fq_nextyear_amt": 3325923.00000000,
            "indoor_fqyq_amt": 0E-8,
            "ys_sum_amt": 368496140.00000000,
            "w_insert_date": 1606294550000,
            "type": "3",
            "outside_fqyq_amt": 1780000.00000000,
            "gjjyq_amt": 1200000.00000000,
            "outside_fq_amt": 9076140.00000000,
            "org_city_id": "A0000000010",
            "gjj_amt": 15660000.00000000,
            "org_id": "A1392342741",
            "yq_sum_amt": 19000000.00000000,
            "indoor_fq_amt": 0E-8,
            "fq_nrxt_amt": 0E-8,
            "data_type": "ORG_CITY",
            "fq_ydq_amt": 1780000.00000000,
            "period_wid": "20201125",
            "org_city_name": "莞惠公司",
            "org_name": "珠三角区域公司",
            "sy_amt": 343760000.00000000,
            "fq_bydq_amt": 3970217.00000000,
            "syyq_amt": 16020000.00000000
        },
        {
            "fq_nextyear_amt": 28878991.00000000,
            "indoor_fqyq_amt": 3465.00000000,
            "ys_sum_amt": 370289552.00000000,
            "w_insert_date": 1606294550000,
            "type": "3",
            "outside_fqyq_amt": 1851210.00000000,
            "gjjyq_amt": 28994000.00000000,
            "outside_fq_amt": 36112611.00000000,
            "org_city_id": "A0000001194",
            "gjj_amt": 47923000.00000000,
            "org_id": "A1392342741",
            "yq_sum_amt": 100649675.00000000,
            "indoor_fq_amt": 3161941.00000000,
            "fq_nrxt_amt": 7206747.00000000,
            "data_type": "ORG_CITY",
            "fq_ydq_amt": 1854675.00000000,
            "period_wid": "20201125",
            "org_city_name": "佛山北片区公司",
            "org_name": "珠三角区域公司",
            "sy_amt": 283092000.00000000,
            "fq_bydq_amt": 1334139.00000000,
            "syyq_amt": 69801000.00000000
        },
        {
            "fq_nextyear_amt": 9990000.00000000,
            "indoor_fqyq_amt": 21301.00000000,
            "ys_sum_amt": 86069378.00000000,
            "w_insert_date": 1606294550000,
            "type": "3",
            "outside_fqyq_amt": 2717047.00000000,
            "gjjyq_amt": 2000000.00000000,
            "outside_fq_amt": 12707077.00000000,
            "org_city_id": "A0000000012",
            "gjj_amt": 3200000.00000000,
            "org_id": "A1392342741",
            "yq_sum_amt": 31599348.00000000,
            "indoor_fq_amt": 21301.00000000,
            "fq_nrxt_amt": 30.00000000,
            "data_type": "ORG_CITY",
            "fq_ydq_amt": 2738348.00000000,
            "period_wid": "20201125",
            "org_city_name": "区域直属城市公司",
            "org_name": "珠三角区域公司",
            "sy_amt": 70141000.00000000,
            "fq_bydq_amt": 0E-8,
            "syyq_amt": 26861000.00000000
        },
        {
            "fq_nextyear_amt": 146136060.30000000,
            "indoor_fqyq_amt": 11652494.05000000,
            "ys_sum_amt": 959053627.00000000,
            "w_insert_date": 1606294550000,
            "type": "3",
            "outside_fqyq_amt": 93875091.82000000,
            "gjjyq_amt": 98829000.00000000,
            "outside_fq_amt": 313210849.05000000,
            "org_city_id": "A0000001110",
            "gjj_amt": 126489000.00000000,
            "org_id": "A1392342741",
            "yq_sum_amt": 332163585.87000000,
            "indoor_fq_amt": 185621777.95000000,
            "fq_nrxt_amt": 237130126.90000000,
            "data_type": "ORG_CITY",
            "fq_ydq_amt": 105527585.87000000,
            "period_wid": "20201125",
            "org_city_name": "顺德公司",
            "org_name": "珠三角区域公司",
            "sy_amt": 333732000.00000000,
            "fq_bydq_amt": 10038853.93000000,
            "syyq_amt": 127807000.00000000
        }
    ]
}